,ru,en,zh,es,pt,pt_BR,de,ja,fr,ko,pl,tr,uk,it
#tab_projects,Проекты,Projects,项目,Proyectos,Projectos,Projetos,Forschungsprojekte,プロジェクト,Projets,프로젝트,Projekt,Projeler,Проект,Progetti
#tab_versions,Версии,Versions,版本,Versiones,Versões,Versões,Sprachversionen,バージョン,Versions,버전,Wersja,Sürümler,Версія,Versioni
#msg_add_or_create,"Добавьте проект с диска или создайте его,
запустив Godot Engine","Add a project from disk or create one
by launching Godot Engine","从磁盘添加项目或通过
启动 Godot Engine 来创建项目","Agregue un proyecto desde el disco o cree uno
lanzando Godot Engine","Adicionar um projeto a partir do disco ou criar um
ao lançar o motor Godot","Adicione um projeto do disco ou crie um
ao lançar o Godot Engine","Fügen Sie ein Projekt von der Festplatte hinzu oder erstellen Sie eines
durch den Start von Godot Engine","ディスクからプロジェクトを追加するか、プロジェクトを作成します
Godotエンジンを搭載した","Ajouter un projet à partir du disque ou en créer un
en lançant le moteur Godot","얀덱스에서 프로젝트를 추가합니다.디스크 또는 생성
고도트 엔진을 실행함으로써","Dodaj projekt z dysku lub utwórz go,
uruchomienie Godot Engine",Diskten bir proje ekleyin veya Godot Engine'i başlatarak bir proje oluşturun,"Додайте проект з диска або створіть його,
запустивши Godot Engine","Aggiungi un progetto dal disco o creane uno,
avvio di Godot Engine"
#btn_add_from_disk,Добавить проект с диска,Add project from disk,从磁盘添加项目,Agregar proyecto desde el disco,Adicionar projeto do disco,Adicionar projeto do disco,Projekt von der Festplatte hinzufügen,ディスクからプロジェクトを追加する,Ajouter un projet à partir du disque,프로젝트를 추가합니다.디스크,Dodaj projekt z dysku,Diskten bir proje ekleyin,Додати проект з диска,Aggiungi progetto dal disco
#msg_footer_credits,Создано HorityFox для сообщества Godot Engine,Develop by HorityFox for the Godot Engine community,由 HorityFox 为 Godot Engine 社区创作,Desarrollado por HorityFox para la comunidad de Godot Engine,Desenvolvido pela HorityFox para a comunidade Godot Engine,Desenvolvido por HorityFox para a comunidade Godot Engine,Entwickelt von HorityFox für die Godot Engine Community,GodotエンジンコミュニティのためにHorityFoxによって開発,Développé par HorityFox pour la communauté des moteurs Godot,고도트 엔진 커뮤니티를 위해 호리티폭스가 만들었습니다.,Stworzone przez HorityFox dla społeczności Godot Engine,HorityFox tarafından Godot Engine topluluğu için oluşturulmuştur,Створено HorityFox для спільноти Godot Engine,Creato da HorityFox per la community di Godot Engine
#msg_download_engine,Загрузите новую версию Godot Engine,Download a new version of Godot Engine,下载新版本的 Godot Engine,Descargue una nueva versión de Godot Engine,Baixe uma nova versão do Godot Engine,Baixe uma nova versão do Godot Engine,Laden Sie eine neue Version der Godot-Engine herunter,Godot Engineの新しいバージョンをダウンロードする,Téléchargez une nouvelle version du moteur Godot,새로운 버전의 고도 엔진 다운로드,Pobierz nową wersję Godot Engine,Godot Engine'in yeni sürümünü indirin,Завантажте нову версію Godot Engine,Scarica la nuova versione di Godot Engine
#btn_download_engine,Загрузить новую версию,Download new version,下载新版本,Descargar nueva versión,Baixar nova versão,Baixar nova versão,Neue Version herunterladen,新しいバージョンをダウンロード,Télécharger la nouvelle version,새 버전 다운로드,Pobierz nową wersję,Yeni sürümü indirin,Завантажити нову версію,Scarica la nuova versione
#btn_import_projects,Импорт проектов,Import projects,导入项目,Proyectos de importación,Importar projectos,Importar projetos,Projekte importieren,プロジェクトのインポート,Importer des projets,프로젝트 가져오기,Import projektów,Projeleri içe aktar,Імпорт проектів,Importazione di progetti
#btn_close,Закрыть,Close,关闭,Cerrar,Fechar,Fechar,Schließen,閉じる,Fermer,닫기,Zamknąć,Kapat,Заплющити,Chiudere
#btn_scan,Сканировать,Scan,扫描,Escanear,Scan,Scan,Scan,スキャン,Balayage,스캔,Skanować,Tarayın,Сканувати,Scansionare
#msg_move_or_scan,"Переместите или сканируйте
папку с проектами","Move or scan your 
projects folder","移动或扫描
项目文件夹","Mover o escanear
carpeta de proyectos","Mova ou digitalize
pasta de projetos","Mover ou digitalizar
a pasta do projeto","Verschieben oder scannen
ordner mit Projekten","移動またはスキャン
プロジェクトフォルダ","Déplacer ou numériser
dossier de projet","이동 또는 스캔
프로젝트 폴더","Przenieś lub zeskanuj
folder z projektami",Projeleri içeren klasörü taşıyın veya tarayın,"Перемістіть або скануйте
папку з проектами","Sposta o scansiona
cartella Progetti"
#tab_settings,Настройки,Settings,设置,Ajustes,Definições,Configurações,Einstellung,設定,Paramètres,설정,Konfiguracja,Ayarlar,Настройка,Regolazioni
#label_language,Язык,Language,语言,Idioma,Língua,Língua,Sprachlich,言語,Langue,언어,Język,Dil,Мова,Lingua
#label_theme,Тема,Theme,主题,Tema,Tema,Tema,Thema,テーマ,Thème,주제,Temat,Konu,Тема,Tema
#tab_about,О программе,About,关于,Acerca de,Sobre,Sobre,Über,づﾂつｷﾂ。,Au sujet,프로그램에 대해,O programie,Program hakkında,Про програму,Informazioni sul programma
#btn_update,Обновить,Update,更新资料,Actualización,Actualização,Atualização,Update,更新,Mise à Jour,업데이트,Zaktualizować,Güncelle,Оновити,Aggiornare
#btn_details,Подробнее,Learn more,了解更多,Más información,Saiba mais,Saiba mais,Mehr erfahren,ﾂづﾂつｷﾂ。,En savoir plus,더 상세한,Szczegółowy,Daha fazla bilgi,Докладно,Dettagliato
#msg_about_description,"Спасибо, что используете Godot Hub для ваших проектов.
Я думаю вы и сами устали переключаться между версиями, установленными где то в недрах вашей системы, бороться с ярлыками и путаться, когда запускаешь не ту версию редактора.
Надеюсь Godot Hub поможет вам избавиться от рутины.

Ссылки: 
GitHub: [url=https://github.com/horityfoxy/GodotHub]https://github.com/horityfoxy/GodotHub[/url]

Я буду рад, если вы сделаете какой-нибудь форк этого хаба или предложите мне идеи что еще можно было бы добавить в программу :)

Если вы хотите поддержать меня, то можете прислать пару долларов на мой крипто кошелек :)

USDT TRC20: TFAZ75Tny81jHHS57ZaHh3gUzVVEJo796d
Bitcoin BTC: bc1qpsmghmr6vn6nz782um5jasxw9snmf0l8gr59hk
Etherium ETH: 0x6137d23C7A526Af45a49F34bb2Ce49797668Ab31
Toncoin TON: UQCA6X3HhuQiEHM6sPbF5XpP42vSkpJYkQOZhONM26l7XNZq

Ваш HorityFox ","Thank you for using Godot Hub for your projects.
I think you're tired of switching between versions installed deep within your system, struggling with shortcuts, and getting confused when launching the wrong editor version.
I hope Godot Hub helps you get rid of the routine.

Links:
GitHub: [url=https://github.com/horityfoxy/GodotHub]https://github.com/horityfoxy/GodotHub[/url]

I would be happy if you make a fork of this hub or suggest ideas on what else could be added to the program :)

If you want to support me, you can send a couple of dollars to my crypto wallet :)

USDT TRC20: TFAZ75Tny81jHHS57ZaHh3gUzVVEJo796d
Bitcoin BTC: bc1qpsmghmr6vn6nz782um5jasxw9snmf0l8gr59hk
Etherium ETH: 0x6137d23C7A526Af45a49F34bb2Ce49797668Ab31
Toncoin TON: UQCA6X3HhuQiEHM6sPbF5XpP42vSkpJYkQOZhONM26l7XNZq

Yours, HorityFox","感谢您在项目中使用 Godot Hub。
我想您也厌倦了在系统中苦苦寻找不同版本的引擎、处理杂乱的快捷方式，以及因启动错误版本的编辑器而感到困惑。
希望 Godot Hub 能帮您摆脱这些繁琐的事务。

链接：
GitHub: [url=https://github.com/horityfoxy/GodotHub]https://github.com/horityfoxy/GodotHub[/url]

如果您能对这个仓库进行 Fork，或者向我提出关于程序功能的建议，我将不胜感激 :)

如果您想支持我，可以向我的加密货币钱包发送几美元 :)

USDT TRC20: TFAZ75Tny81jHHS57ZaHh3gUzVVEJo796d
Bitcoin BTC: bc1qpsmghmr6vn6nz782um5jasxw9snmf0l8gr59hk
Etherium ETH: 0x6137d23C7A526Af45a49F34bb2Ce49797668Ab31
Toncoin TON: UQCA6X3HhuQiEHM6sPbF5XpP42vSkpJYkQOZhONM26l7XNZq

您的 HorityFox","Gracias por usar Godot Hub para sus proyectos.
Creo que usted mismo está cansado de cambiar entre las versiones instaladas en algún lugar de las entrañas de su sistema, luchar con accesos directos y confundirse cuando ejecuta la versión incorrecta del Editor.
Espero que Godot Hub te ayude a deshacerte de la rutina.

Referencias: 
GitHub: [url=https://github.com/horityfoxy/GodotHub]https://github.com/horityfoxy/GodotHub[/url]

Estaré encantado si haces alguna bifurcación de este centro o me ofreces ideas sobre qué más podría agregarse al programa :)

Si quieres apoyarme, puedes enviar un par de dólares a mi billetera criptográfica :)

USDT TRC20: TFAZ75Tny81jHHS57ZaHh3gUzVVEJo796d
Bitcoin BTC: bc1qpsmghmr6vn6nz782um5jasxw9snmf0l8gr59hk
Etherium ETH: 0x6137d23C7A526Af45a49F34bb2Ce49797668Ab31
Toncoin TON: UQCA6X3HhuQiEHM6sPbF5XpP42vSkpJYkQOZhONM26l7XNZq

Su HorityFox","Obrigado por usar o Godot Hub para seus projetos.
Acho que você está cansado de alternar entre as versões instaladas no fundo do seu sistema, lutando com atalhos e ficando confuso ao iniciar a versão errada do editor.
Espero que o Godot Hub o ajude a livrar-se da rotina.

Ligações:
GitHub: [url=https://github.com/horityfoxy/GodotHub]https://github.com/horityfoxy/GodotHub[/url]

Eu ficaria feliz se você fizesse um fork deste hub ou sugerisse idéias sobre o que mais poderia ser adicionado ao programa :)

Se você quiser me apoiar, pode enviar alguns dólares para minha carteira de criptografia :)

USDT TRC20: TFAZ75Tny81jHHS57ZaHh3gUzVVEJo796d
Bitcoin BTC: bc1qpsmghmr6vn6nz782um5jasxw9snmf0l8gr59hk
Etherium ETH: 0x6137d23C7A526Af45a49F34bb2Ce49797668Ab31
Toncoin TON: UQCA6X3HhuQiEHM6sPbF5XpP42vSkpJYkQOZhONM26l7XNZq

Seu, HorityFox","Obrigado por usar o Godot Hub para seus projetos.
Acho que você está cansado de alternar entre versões instaladas no fundo do seu sistema, lutando com atalhos e ficando confuso ao iniciar a versão errada do editor.
Espero que o Godot Hub ajude você a se livrar da rotina.

Links:
GitHub: [url=https://github.com/horityfoxy/GodotHub]https://github.com/horityfoxy/GodotHub[/url]

Eu ficaria feliz se você fizesse um fork deste hub ou sugerisse ideias sobre o que mais poderia ser adicionado ao programa :)

Se você quiser me apoiar, pode enviar alguns dólares para minha carteira de criptomoedas :)

USDT TRC20: TFAZ75Tny81jHHS57ZaHh3gUzVVEJo796d
Bitcoin BTC: bc1qpsmghmr6vn6nz782um5jasxw9snmf0l8gr59hk
Etherium ETH: 0x6137d23C7A526Af45a49F34bb2Ce49797668Ab31
Toncoin TON: UQCA6X3HhuQiEHM6sPbF5XpP42vSkpJYkQOZhONM26l7XNZq

Seu, HorityFox","Vielen Dank, dass Sie Godot Hub für Ihre Projekte verwenden.
Ich glaube, Sie haben es satt, zwischen Versionen zu wechseln, die tief in Ihrem System installiert sind, mit Verknüpfungen zu kämpfen und verwirrt zu werden, wenn Sie die falsche Editorversion starten.
Ich hoffe, Godot Hub hilft dir, die Routine loszuwerden.

Links:
GitHub: [url=https://github.com/horityfoxy/GodotHub]https://github.com/horityfoxy/GodotHub[/url]

Ich würde mich freuen, wenn Sie aus diesem Hub einen Fork machen oder Ideen vorschlagen, was noch zum Programm hinzugefügt werden könnte :)

Wenn Sie mich unterstützen möchten, können Sie ein paar Dollar an meine Krypto-Brieftasche senden :)

USDT TRC20: TFAZ75Tny81jHHS57ZaHh3gUzVVEJo796d
Bitcoin BTC: bc1qpsmghmr6vn6nz782um5jasxw9snmf0l8gr59hk
Etherium ETH: 0x6137d23C7A526Af45a49F34bb2Ce49797668Ab31
Toncoin TON: UQCA6X3HhuQiEHM6sPbF5XpP42vSkpJYkQOZhONM26l7XNZq

Dein, HorityFox","「プロジェクトにGodot Hubをご利用いただきありがとうございます。
システムの奥深くにインストールされているバージョンを切り替えたり、ショートカットに苦労したり、間違ったエディタバージョンを起動すると混乱したりするのにうんざりしていると思います。
私はGodot Hubがあなたがルーチンを取り除くのを助けることを願っています。

リンク集:
GitHub: [url=https://github.com/horityfoxy/GodotHub]https://github.com/horityfoxy/GodotHub[/url]

このハブのフォークを作ったり、他に何をプログラムに追加できるかについてのアイデアを提案していただければ幸いです:)

あなたが私をサポートしたいなら、あなたは私の暗号財布に数ドルを送ることができます:)

USDT TRC20: TFAZ75Tny81jHHS57ZaHh3gUzVVEJo796d
Bitcoin BTC: bc1qpsmghmr6vn6nz782um5jasxw9snmf0l8gr59hk
Etherium ETH: 0x6137d23C7A526Af45a49F34bb2Ce49797668Ab31
Toncoin TON: UQCA6X3HhuQiEHM6sPbF5XpP42vSkpJYkQOZhONM26l7XNZq

あなたの、HorityFox","Merci d'utiliser Godot Hub pour vos projets.
Je pense que vous en avez assez de basculer entre les versions installées au plus profond de votre système, de vous débattre avec des raccourcis et d'être confus lors du lancement de la mauvaise version de l'éditeur.
J'espère que Godot Hub vous aidera à vous débarrasser de la routine.

Liens:
Pour en savoir plus, rendez-vous sur la page d'accueil de github: [url=https://github.com/horityfoxy/GodotHub]https://github.com/horityfoxy/GodotHub [/url]

Je serais heureux si vous faisiez un fork de ce hub ou suggériez des idées sur ce qui pourrait être ajouté au programme :)

Si vous voulez me soutenir, vous pouvez envoyer quelques dollars à mon portefeuille crypto :)

TRC20 de l'USDT: TFAZ75Tny81jHHS57ZaHh3gUzVVEJo796d
Bitcoin BTC: bc1qpmgmmr6vn6nz782um5jasxw9snmf0l8gr59hk pour la première fois
Étherium ETH: 0x6137d23C7A526Af45a49F34bb2Ce49797668Ab31 Numéro de pièce
TONNE de Toncoin: UQCA6X3HhuQiEHM6sPbF5XpP42vSkpJYkQOZhONM26l7XNZq

Bien à vous, HorityFox","프로젝트에 고도트 허브를 사용해 주셔서 감사합니다.
나는 당신 자신이 바로 가기로 어려움을 겪고 당신이 편집기의 잘못된 버전을 실행할 때 혼란스러워지고,시스템의 깊이에 어딘가에 설치된 버전 사이를 전환 피곤 생각합니다.
나는 고도트 허브가 당신이 루틴을 제거하는 데 도움이되기를 바랍니다.

링크: 
GitHub: [url=https://github.com/horityfoxy/GodotHub]https://github.com/horityfoxy/GodotHub[/url]

이 허브의 일부 포크를 만들거나 프로그램에 추가 할 수있는 다른 것에 대한 아이디어를 제공하면 기쁠 것입니다.:)

당신이 나를 지원하고 싶다면,당신은 내 암호화 지갑에 몇 달러를 보낼 수 있습니다:)

USDT TRC20: TFAZ75Tny81jHHS57ZaHh3gUzVVEJo796d
Bitcoin BTC: bc1qpsmghmr6vn6nz782um5jasxw9snmf0l8gr59hk
Etherium ETH: 0x6137d23C7A526Af45a49F34bb2Ce49797668Ab31
Toncoin TON: UQCA6X3HhuQiEHM6sPbF5XpP42vSkpJYkQOZhONM26l7XNZq

당신의 호리티 폭스","Dziękujemy za korzystanie z Godot Hub do swoich projektów.
Myślę, że sam jesteś zmęczony przełączaniem się między wersjami zainstalowanymi gdzieś w trzewiach systemu, walczeniem ze skrótami i myleniem się, gdy uruchamiasz niewłaściwą wersję edytora.
Mam nadzieję, że Godot Hub pomoże Ci pozbyć się rutyny.

Link: 
GitHub: [url=https://github.com/horityfoxy/GodotHub]https://github.com/horityfoxy/GodotHub[/url]

Będę zadowolony, jeśli zrobisz jakiś rozwidlenie tego hubu lub zasugerujesz mi pomysły co jeszcze można by dodać do programu :)

Jeśli chcesz mnie wesprzeć, możesz wysłać kilka dolarów do mojego portfela kryptograficznego :)

USDT TRC20: TFAZ75Tny81jHHS57ZaHh3gUzVVEJo796d
Bitcoin BTC: bc1qpsmghmr6vn6nz782um5jasxw9snmf0l8gr59hk
Etherium ETH: 0x6137d23C7A526Af45a49F34bb2Ce49797668Ab31
Toncoin TON: UQCA6X3HhuQiEHM6sPbF5XpP42vSkpJYkQOZhONM26l7XNZq

Twój HorityFox ","Projeleriniz için Godot Hub'ı kullandığınız için teşekkür ederiz.
Sanırım siz de sisteminizin derinliklerinde kurulu olan sürümler arasında geçiş yapmaktan, kısayollarla uğraşmaktan ve yanlış editör sürümünü başlattığınızda kafanızın karışmasından yorulmuşsunuzdur.
Umarım Godot Hub, rutininizden kurtulmanıza yardımcı olur. 

Bağlantılar: 
GitHub: [url=https://github.com/horityfoxy/GodotHub]https://github.com/horityfoxy/GodotHub[/url]

Eğer bu hub'ın bir fork'unu yaparsanız veya programa başka neler eklenebileceği konusunda bana fikir sunarsanız çok memnun olurum :)

 Eğer beni desteklemek istiyorsanız, kripto cüzdanıma birkaç dolar gönderebilirsiniz :)

USDT TRC20: TFAZ75Tny81jHHS57ZaHh3gUzVVEJo796d
Bitcoin BTC: bc1qpsmghmr6vn6nz782um5jasxw9snmf0l8gr59hk
Etherium ETH: 0x6137d23C7A526Af45a49F34bb2Ce49797668Ab31
Toncoin TON: UQCA6X3HhuQiEHM6sPbF5XpP42vSkpJYkQOZhONM26l7XNZq

HorityFox'unuz ","Дякуємо, що використовуєте Godot Hub для своїх проектів.
Я думаю ви і самі втомилися перемикатися між версіями, встановленими десь в надрах вашої системи, боротися з ярликами і плутатися, коли запускаєш не ту версію редактора.
Сподіваюся Godot Hub допоможе вам позбутися від рутини.

Посилання: 
GitHub: [url=https://github.com/horityfoxy/GodotHub]https://github.com/horityfoxy/GodotHub[/url]

Я буду радий, якщо ви зробите якусь вилку цього концентратора або запропонуєте мені ідеї що ще можна додати до програми :)

Якщо ви хочете підтримати мене, то можете надіслати пару доларів на мій крипто гаманець :)

USDT TRC20: TFAZ75Tny81jHHS57ZaHh3gUzVVEJo796d
Bitcoin BTC: bc1qpsmghmr6vn6nz782um5jasxw9snmf0l8gr59hk
Etherium ETH: 0x6137d23C7A526Af45a49F34bb2Ce49797668Ab31
Toncoin TON: UQCA6X3HhuQiEHM6sPbF5XpP42vSkpJYkQOZhONM26l7XNZq

Ваш HorityFox ","Grazie per aver utilizzato Godot Hub per i tuoi progetti.
Penso che tu stesso sia stanco di passare tra le versioni installate da qualche parte nelle viscere del tuo sistema, combattere le scorciatoie e confonderti quando esegui la versione sbagliata dell'editor.
Spero che Godot Hub ti aiuti a sbarazzarti della routine.

Link: 
GitHub: [url=https://github.com/horityfoxy/GodotHub]https://github.com/horityfoxy/GodotHub[/url]

Sarò felice se fai qualche fork di questo hub o mi suggerisci idee cos'altro potrebbe essere aggiunto al programma :)

Se vuoi supportarmi, puoi inviare un paio di dollari al mio portafoglio crittografico :)

USDT TRC20: TFAZ75Tny81jHHS57ZaHh3gUzVVEJo796d
Bitcoin BTC: bc1qpsmghmr6vn6nz782um5jasxw9snmf0l8gr59hk
Etherium ETH: 0x6137d23C7A526Af45a49F34bb2Ce49797668Ab31
Toncoin TON: UQCA6X3HhuQiEHM6sPbF5XpP42vSkpJYkQOZhONM26l7XNZq

Il Tuo HorityFox "
#label_version,Версия,Version,版本,Versión,Versão,Versão,Version,バージョン,Version,버전,Wersja,Sürüm,Версія,Versione
#msg_confirm_action,Вы уверены?,Are you sure?,你肯定吗？,¿Está seguro?,Vocês têm certeza?,Tem certeza?,Bist du dir sicher?,本気？,Êtes-vous sûre?,확실해?,Na pewno?,Emin misiniz?,Ви впевнені?,Sei sicuro?
#btn_yes,Да,Yes,是的,Sí,Sim,Sim,Ja,はい。,Oui,예,Tak,Evet,Так,Sì
#btn_no,Нет,No,非也。,No,Não,No,Nein,いいえ。,Non,아니,Nie,Hayır,Ні,No
#title_download_manager,Менеджер загрузок Godot Engine,Godot Engine Download Manager,Godot引擎下载管理器,Administrador de descargas de Godot Engine,Godot Engine Download Manager,Godot Engine Gerenciador De Downloads,Godot Engine herunterladen Manager,Godotエンジンのダウンロードマネージャ,Gestionnaire de téléchargement du Moteur Godot,고도 엔진 다운로드 관리자,Menedżer pobierania Godot Engine,Godot Engine indirme yöneticisi,Менеджер завантажень Godot Engine,Gestione download di Godot Engine
#btn_find_on_disk,Найти на диске,Find on disk,在磁盘上查找,Buscar en disco,Encontrar no disco,Localizar no disco,Auf Festplatte suchen,ディスク上で検索,Rechercher sur le disque,얀 덱스에서 찾기.디스크,Znajdź na dysku,Diskte bul,Знайти на диску,Trova su disco
#msg_internet_permission,"Пожалуйста, разрешите Godot Hub доступ к интернету",Please allow Godot Hub to access the internet,请允许Godot Hub访问互联网,"Por favor, permita que Godot Hub acceda a Internet",Permita que o Godot Hub aceda à internet,Permita que o Godot Hub acesse a internet,Bitte erlaube Godot Hub den Zugriff auf das Internet,Godot Hubにインターネットへのアクセスを許可してください,Veuillez autoriser Godot Hub à accéder à Internet,고도트 허브가 인터넷에 접속할 수 있도록 허용하십시오.,Proszę zezwolić Godot Hub na dostęp do Internetu,Lütfen Godot Hub'ın internete erişimine izin verin,"Будь ласка, дозвольте Godot Hub отримати доступ до Інтернету",Si prega di consentire a Godot Hub di accedere a Internet
#btn_allow,Разрешить,Allow,允许,Permitir,Permitir,Permitir,Erlauben,許可する,Autoriser,허용,Dozwolić,İzin ver,Розв'язавши,Consentire
#status_searching,Ищем новые версии,Checking for new versions,检查新版本,Buscando nuevas versiones,Verificação de novas versões,Verificando novas versões,Nach neuen Versionen suchen,新しいバージョンの確認,Vérification des nouvelles versions,새 버전 찾기,Szukamy nowych wersji,Yeni sürümleri arıyoruz,Шукаємо нові версії,Alla ricerca di nuove versioni
#err_no_internet,Нет подключения к интернету,No internet connection,没有互联网连接,No hay conexión a Internet,Sem ligação à internet,Sem conexão com a internet,Keine Internetverbindung,インターネット接続なし,Pas de connexion internet,인터넷 연결 없음,Brak połączenia z Internetem,İnternet bağlantısı yok,Немає підключення до Інтернету,Nessuna connessione internet
#btn_retry,Повторить,Retry,重试,Repetir,Tentar novamente,Repetir,Retry,再試行,Réessayer,반복,Powtórzyć,Tekrar deneyin,Повторивши,Ripetere
#btn_download,Загрузить,Download,下载,Cargar,Baixar,Download,Herunterladen,ダウンロード,Télécharger,다운로드,Pobrać,İndir,Завантаживши,Caricare
#btn_reinstall,Переустановить,Reinstall,重新安装,Reinstalar,Reinstalar,Reinstalar,Installieren,再インストール,Réinstaller,다시 설치,Przeinstalować,Yeniden yükleyin,Переустановити,Reinstallare
#err_title,Ошибка,Error,错误,Error,Erro,Erro,Fehlermeldung,エラー,Erreur,실수,Błąd,Hata,Помилка,Errore
#err_general,Произошла ошибка,An error occurred,发生错误,Se ha producido un error,Ocorreu um erro,Ocorreu um erro,Ein Fehler ist aufgetreten,エラーが発生しました,Une erreur est survenue,오류가 발생했습니다.,Wystąpił błąd,Bir hata oluştu,Сталася помилка,Si è verificato un errore
#err_project_moved,"Похоже файлы вашего проекта были перемещены или удалены. Пожалуйста, укажите путь к вашему проекту.",It looks like your project files have been moved or deleted. Please specify the path to your project.,看起来您的项目文件已被移动或删除。 请指定项目的路径。,Parece que los archivos de su proyecto se han movido o eliminado. Por favor proporcione la ruta a su proyecto.,Parece que seus arquivos de projeto foram movidos ou excluídos. Especifique o caminho para o seu projeto.,Parece que seus arquivos de projeto foram movidos ou excluídos. Especifique o caminho para o seu projeto.,"Es sieht so aus, als ob Ihre Projektdateien verschoben oder gelöscht wurden. Bitte geben Sie den Pfad zu Ihrem Projekt an.",プロジェクトファイルが移動または削除されたようです。 プロジェクトへのパスを指定してください。,Il semble que vos fichiers de projet aient été déplacés ou supprimés. Veuillez préciser le chemin d'accès à votre projet.,프로젝트 파일이 이동되거나 삭제된 것 같습니다. 프로젝트의 경로를 지정하십시오.,"Wygląda na to, że pliki projektu zostały przeniesione lub usunięte. Proszę podać ścieżkę do swojego projektu.",Görünüşe göre projenizin dosyaları taşınmış veya silinmiş.  Lütfen projenizin yolunu belirtin.,"Схоже файли вашого проекту були переміщені або видалені. Будь ласка, вкажіть шлях до вашого проекту.",Sembra che i file del progetto siano stati spostati o eliminati. Si prega di specificare il percorso del progetto.
#btn_locate,Указать,Specify,指定,Indicar,Especificar,Especificar,Angeben,指定する,Précisez,지적,Podać,Belirtmek,Зазначити,Indicare
#msg_warning_title,Обратите внимание,Please note,请注意,Mire,Por favor note,Atenção,Hinweis,ご注意ください,Veuillez noter,주의,Zwrócić,Lütfen dikkat edin,Звернути увагу,Importante
#msg_warning_migration,Перевод проекта на иную версию может повлечь проблемы. Делайте все на свой страх и риск и имейте при себе резервную копию проекта!,Porting a project to a different version may cause issues. Do this at your own risk and keep a backup of the project!,将项目移植到其他版本可能会导致问题。 这样做你自己的风险，并保持项目的备份！,TRADUCIR el proyecto a una versión diferente puede causar problemas. ¡Haga todo bajo su propio riesgo y tenga una copia de seguridad del proyecto con usted!,Portar um projeto para uma versão diferente pode causar problemas. Faça isso por sua conta e risco e mantenha um backup do projeto!,Portar um projeto para uma versão diferente pode causar problemas. Faça isso por sua conta e risco e mantenha um backup do projeto!,Das Portieren eines Projekts auf eine andere Version kann zu Problemen führen. Tun Sie dies auf eigene Gefahr und sichern Sie das Projekt!,プロジェクトを別のバージョンに移植すると、問題が発生する可能性があります。 あなた自身の責任でこれを行い、プロジェクトのバックアップを保管してください！,Le portage d'un projet vers une version différente peut entraîner des problèmes. Faites - le à vos risques et périls et conservez une sauvegarde du projet!,프로젝트를 다른 버전으로 전송하면 문제가 발생할 수 있습니다. 자신의 위험에 모든 것을 할 당신과 함께 프로젝트의 백업 복사본을 가지고!,Przeniesienie projektu do innej wersji może powodować problemy. Zrób wszystko na własne ryzyko i miej przy sobie kopię zapasową projektu!,Projenin başka bir sürüme aktarılması sorunlara yol açabilir. Her şeyi kendi sorumluluğunuzda yapın ve yanınızda projenin yedek bir kopyasını bulundurun!,Переклад проекту на іншу версію може спричинити проблеми. Робіть все на свій страх і ризик і майте при собі резервну копію проекту!,Il trasferimento di un progetto a una versione diversa può comportare problemi. Fai tutto a tuo rischio e tieni con te un backup del progetto!
#btn_next,Далее,Next,下一个,A continuación,Seguinte,Proximo,Nächsten,次へ,Suivant,더 나아가,Dalej,Daha sonra,Далі,Quindi
#label_backup,Резервная копия,Backup,备份,Copia de seguridad,Backup,Backup,Sicherung,バックアップ,Sauvegarde,백업 복사본,Kopia zapasowa,Yedek kopya,Резервна копія,Backup
#label_select_version,Выберите новую версию движка,Select a new engine version,选择新的引擎版本,Seleccione una nueva versión del motor,Selecione uma nova versão do motor,Selecione uma nova versão do motor,Wählen Sie eine neue Motorversion,新しいエンジンバージョンの選択,Sélectionnez une nouvelle version de moteur,새 버전의 엔진 선택,Wybierz nową wersję silnika,Yeni bir motor sürümü seçin,Виберіть нову версію движка,Scegli una nuova versione del motore
#label_new_version_installed,Новая версия проекта из установленных Godot Engine,New version of the project from installed Godot Engines,已安装Godot引擎的项目新版本,Nueva versión del proyecto de Godot Engine instalado,Nova versão do projeto a partir de motores Godot instalados,Nova versão do projeto a partir dos motores Godot instalados,Neue Version des Projekts aus installierten Godot-Engines,インストールされているGodotエンジンからのプロジェクトの新しいバージョン,Nouvelle version du projet à partir des moteurs Godot installés,설치된 고도 엔진에서 프로젝트의 새로운 버전,Nowa wersja projektu z zainstalowanego silnika Godot,Godot Engine'den kurulu bir projenin yeni sürümü,Нова версія проекту з встановлених Godot Engine,Nuova versione del progetto da installato Godot Engine
#btn_update_version,Обновить версию,Update version,更新版本,Actualizar versión,Versão de actualização,Atualizar versão,Version aktualisieren,バージョンの更新,Mettre à jour la version,버전 업데이트,Zaktualizuj wersję,Sürümü güncelle,Оновити версію,Aggiorna versione
#err_engine_moved,Похоже исполняемый файл движка Godot Engine,It looks like the Godot Engine,它看起来像Godot引擎,Parece un ejecutable de Godot Engine,Parece que o motor Godot,Parece o motor Godot,Es sieht aus wie der Godot-Motor,それはGodotエンジンのように見えます,On dirait le moteur Godot,그것은 고도 엔진의 실행 파일처럼 보인다,"Wygląda na to, że plik wykonywalny silnika Godot Engine",Görünüşe göre Godot Engine'in yürütülebilir dosyası,Схоже виконуваний файл движка Godot Engine,Sembra il file eseguibile Del Motore Godot Engine
#err_engine_moved_after_message,"был перемещен или удален. Пожалуйста, укажите путь к нему.",executable has been moved or deleted. Please specify the path to it.,可执行文件已被移动或删除。 请指定它的路径。,"se ha movido o eliminado. Por favor, indique la ruta a ella.","o executável foi movido ou eliminado. Por favor, especifique o caminho para ele.","executável foi movido ou excluído. Por favor, especifique o caminho para ele.",die ausführbare Datei wurde verschoben oder gelöscht. Bitte geben Sie den Pfad dazu an.,実行可能ファイルが移動または削除されました。 それへのパスを指定してください。,l'exécutable a été déplacé ou supprimé. Veuillez spécifier le chemin d'accès.,이동 또는 삭제되었습니다. 그 경로를 지정하십시오.,został przeniesiony lub usunięty. Proszę podać ścieżkę do niego.,taşınmış veya silinmiş.  Lütfen yolunu belirtin.,"був переміщений або видалений. Будь ласка, вкажіть шлях до нього.",è stato spostato o eliminato. Si prega di fornire il percorso ad esso.
#err_invalid_engine_ver,Ошибка: Файл не является движком Godot версии,Error: The file is not a Godot engine version,错误：该文件不是Godot引擎版本,Error: el Archivo no es una versión del motor Godot,Erro: o ficheiro não é uma versão do Motor Godot,Erro: O arquivo não é uma versão do Godot engine,Fehler: Die Datei ist keine Godot Engine-Version,エラー：ファイルはGodotエンジンのバージョンではありません,Erreur: Le fichier n'est pas une version du moteur Godot,오류:파일이 고도 버전 엔진이 아닙니다,Błąd: plik nie jest silnikiem wersji Godot,"Hata: Dosya, Godot sürümüne ait bir motor değil",Помилка: Файл не є двигуном Godot версії,Errore: il file non è il motore di versione Godot
#err_select_correct_file,"Пожалуйста, выберите корректный файл.",Please select a correct file.,请选择一个正确的文件.,"Por favor, seleccione el archivo correcto.",Selecione um ficheiro correcto.,Selecione um arquivo correto.,Bitte wählen Sie eine korrekte Datei aus.,正しいファイルを選択してください。,Veuillez sélectionner un fichier correct.,올바른 파일을 선택하십시오.,Proszę wybrać odpowiedni plik.,Lütfen doğru dosyayı seçin.,"Будь ласка, виберіть коректний файл.",Si prega di selezionare il file corretto.
#err_project_mismatch,Ошибка: Выбран проект «,Error: Selected project «,错误：选定项目«,Error: proyecto Seleccionado «,Erro: projecto seleccionado «,Erro: projeto selecionado «,Fehler: Ausgewähltes Projekt «,エラー：選択したプロジェクト«,Erreur: Projet sélectionné «,오류:프로젝트«,Błąd: Wybrany projekt «,Hata: Proje seçildi «,Помилка: вибрано проект «,Errore: progetto selezionato «
#err_project_mismatch_after_message,"», а ожидался «","», but was expected «",»，但预期 «,"», y se esperaba «","», mas era esperado «","», mas era esperado «","», wurde aber erwartet «",»、期待していたが «,"», mais était attendu «","»,하지만 예상 «","», a oczekiwano «","», ama bekleniyordu «","», а очікувався «",» e previsto «
#err_read_project_file,Ошибка: Не удалось прочитать выбранный файл project.godot.,Error: Failed to read the selected project.godot file.,错误：无法读取所选项目project.godot。,Erro: não foi possível ler o project.godot selecionado.,Erro: não foi possível ler o project.godot selecionado.,Erro: não foi possível ler o project.godot selecionado.,Fehler: Das ausgewählte Projekt konnte nicht gelesen project.godot.,エラー：選択されたproject.godotを読み取れませんでした。,Erreur: Impossible de lire le project.godot sélectionné,오류:선택한 파일을 읽을 수 없음 project.godot,Błąd: nie można odczytać wybranego pliku project.godot.,Hata: Seçili proje dosyası project.godot.,Помилка: не вдалося прочитати вибраний файл project.godot.,Errore: Impossibile leggere il file project.godot selezionato
#btn_launch,Запустить,Run,跑,Lanzar,Executar,Para correr,Starten,実行するには,Démarrer,실행,Uruchomić,Çalıştır,Запустивши,Avviare
#err_delete_running,"[b]Ошибка удаления[/b]
Движок запущен","[b]Deletion error[/b]
Engine is running","[b]删除错误[/b]
发动机正在运转","[b] error de eliminación [/b]
Motor lanzado","[b]Erro de eliminação [/b]
O motor está a funcionar","[b]Erro de exclusão [/b]
O motor está funcionando","[b]Fehler beim Löschen[/b]
Die Engine ist gestartet","[b]削除エラー[/b]
エンジンが動いている","[b]erreur de suppression [/b]
Moteur lancé","[b]삭제 오류[/b]
엔진은","[b]błąd usuwania [/b]
Silnik uruchomiony","[b]Silme hatası[/b]
Motor başlatıldı","[b]помилка видалення [/b]
Ігровий движок запущений","[b]errore di eliminazione [/b]
Motore lanciato"
#input_new_tag, Новый тег..., New tag..., 新标签。.., Nueva etiqueta..., Nova etiqueta..., Nova tag..., Neues Etikett..., 新しいタグ。.., Nouvelle étiquette..., 새 태그..., Nowy tag..., Yeni etiket..., Новий тег..., Nuovo tag...
#status_in_progress,В процессе...,In progress...,进行中。..,En gestión...,Em curso...,Em andamento...,In Bearbeitung...,進行中です。..,En cours...,진행 중입니다...,W trakcie...,İşlem devam ediyor...,В процесі...,Nel corso di...
#btn_edit,Редактировать,Edit,编辑,Editar,Editar,Editar,Bearbeiten,編集,Modifier,편집,Edytuj,Düzenle,Редагувати,Modifica
#label_take_new_icon,Перетащите иконку в зону слева или выберите ее с диска,Drag the icon to the area on the left or select it from the disk.,将图标拖到左侧区域或从磁盘中选择。,Arrastre el icono al área de la izquierda o selecciónelo del disco.,Arraste o ícone para a área à esquerda ou selecione-o do disco.,Arrraste o ícone para a área à esquerda ou selecione-o no disco.,Ziehen Sie das Symbol in den linken Bereich oder wählen Sie es von der Festplatte aus.,アイコンを左側の領域にドラッグするか、ディスクから選択してください。,Faites glisser l'icône dans la zone de gauche ou sélectionnez-la sur le disque.,아이콘을 왼쪽 영역으로 드래그하거나 디스크에서 선택하세요.,Przeciągnij ikonę do obszaru po lewej stronie lub wybierz ją z dysku.,Simgeyi soldaki alana sürükleyin veya diskten seçin.,Перетягніть іконку в зону зліва або виберіть її з диска.,Trascina l'icona nell'area a sinistra o selezionala dal disco.
#label_UID_attantion,"К сожалению, в проектах, основанных на новых версиях Godot Engine автоматически взять иконку не получится. Это связано с введением UID для иконок в project.godot","Unfortunately, in projects based on new versions of Godot Engine, the icon cannot be retrieved automatically. This is due to the introduction of UIDs for icons in project.godot",不幸的是，在基于新版本 Godot Engine 的项目中，无法自动获取图标。这是由于 project.godot 中为图标引入了 UID。,"Lamentablemente, en los proyectos basados en las nuevas versiones de Godot Engine, no es posible obtener el icono automáticamente. Esto se debe a la introducción de UID para los iconos en project.godot","Infelizmente, em projetos baseados em novas versões do Godot Engine, não é possível obter o ícone automaticamente. Isso se deve à introdução de UIDs para ícones no project.godot","Infelizmente, em projetos baseados em novas versões do Godot Engine, não é possível obter o ícone automaticamente. Isso se deve à introdução de UIDs para ícones no project.godot","Leider kann das Symbol in Projekten, die auf neuen Versionen der Godot Engine basieren, nicht automatisch abgerufen werden. Dies liegt an der Einführung von UIDs für Symbole in project.godot",残念ながら、新しいバージョンの Godot Engine に基づくプロジェクトでは、アイコンを自動的に取得することはできません。これは、project.godot でアイコンに UID が導入されたためです。,"Malheureusement, dans les projets basés sur les nouvelles versions de Godot Engine, l'icône ne peut pas être récupérée automatiquement. Cela est dû à l'introduction d'UID pour les icônes dans project.godot",죄송합니다. 최신 버전의 Godot Engine 기반 프로젝트에서는 아이콘을 자동으로 가져올 수 없습니다. 이는 project.godot의 아이콘에 UID가 도입되었기 때문입니다.,"Niestety, w projektach opartych na nowych wersjach Godot Engine nie można automatycznie pobrać ikony. Jest to związane z wprowadzeniem identyfikatorów UID dla ikon w project.godot","Maalesef, Godot Engine'in yeni sürümlerine dayalı projelerde simge otomatik olarak alınamaz. Bu durum, project.godot dosyasında simgeler için UID'lerin eklenmesinden kaynaklanmaktadır.","На жаль, у проєктах на базі нових версій Godot Engine автоматично отримати іконку не вдасться. Це пов’язано з введенням UID для іконок у project.godot","Purtroppo, nei progetti basati sulle nuove versioni di Godot Engine, non è possibile recuperare l'icona automaticamente. Ciò è dovuto all'introduzione degli UID per le icone in project.godot"
#AI_attantion,Перевод выполнен при помощи ИИ!,Translated by AI!,AI 翻译！,¡Traducción realizada por IA!,Tradução feita por IA!,Tradução feita por IA!,Übersetzt von KI!,AIによって翻訳されました！,Traduction réalisée par l'IA !,AI로 번역되었습니다!,Tłumaczenie wykonane przez SI!,Yapay Zeka ile çevrilmiştir!,Переклад виконано за допомогою ШІ!,Traduzione realizzata dall'IA!